Fold,Fold_F1[50],Fold_F2[50],Fold_F1[40:95],Fold_F2[40:95],Fold_Score,Test_F1[50],Test_F2[50],Test_F1[40:95],Test_F2[40:95],Test_Score
4,0.911523,0.930604,0.639625,0.653014,0.783691,0.598936,0.531433,0.354211,0.314290,0.449717
