Fold,Fold_F1[50],Fold_F2[50],Fold_F1[40:95],Fold_F2[40:95],Fold_Score,Test_F1[50],Test_F2[50],Test_F1[40:95],Test_F2[40:95],Test_Score
2,0.9150156412930135,0.9377504675394067,0.6477233229058047,0.6638169026627481,0.7910765836002434,0.6140372826222945,0.5664558422972162,0.35968972851244846,0.3318175522829048,0.468000101428716
