Fold,Fold_F1[50],Fold_F2[50],Fold_F1[40:95],Fold_F2[40:95],Fold_Score,Test_F1[50],Test_F2[50],Test_F1[40:95],Test_F2[40:95],Test_Score
3,0.9134193376778827,0.9328479843529283,0.6462517178702842,0.6599976456952443,0.788129171399085,0.6286236615304257,0.5643346150239144,0.3685688169234788,0.3308754571884085,0.47310063766655686
