{
    "F1[50]": 0.5775910364145659,
    "F2[50]": 0.4954825067281815,
    "F1[40:95]": 0.3333566760037348,
    "F2[40:95]": 0.28596773676790976,
    "Score": 0.42309948897859795
}