{
    "F1[50]": 0.9509777658719529,
    "F2[50]": 0.9625813449023861,
    "F1[40:95]": 0.7326993481560854,
    "F2[40:95]": 0.7416395516992046,
    "Score": 0.8469745026574073,
    "fold": 0
}