{
    "F1[50]": 0.9506605554057697,
    "F2[50]": 0.9623362445414849,
    "F1[40:95]": 0.7307000988586321,
    "F2[40:95]": 0.739674308588064,
    "Score": 0.8458428018484877,
    "fold": 3
}