{
    "F1[50]": 0.9465325569084171,
    "F2[50]": 0.9565589557029746,
    "F1[40:95]": 0.7268837127227811,
    "F2[40:95]": 0.7345834224980382,
    "Score": 0.8411396619580527,
    "fold": 1
}