{
    "F1[50]": 0.9430362496593078,
    "F2[50]": 0.9566467595664676,
    "F1[40:95]": 0.7246297810484238,
    "F2[40:95]": 0.7350881073508811,
    "Score": 0.8398502244062701,
    "fold": 4
}