{
    "F1[50]": 0.9450722733245729,
    "F2[50]": 0.9597523219814242,
    "F1[40:95]": 0.7193604905825669,
    "F2[40:95]": 0.7305345005515816,
    "Score": 0.8386798966100364,
    "fold": 2
}